Id,Unit,vin
8,8828,WMAA23ZZ1KF010007
9,8704,66375
10,8704,66375
11,8701,66372
12,8720,B0E 197359
12,8720,B0E197359
13,8704,66375
14,8828,WMAA23ZZ1KF010007
15,8828,WMAA23ZZ1KF010007
16,8701,66372
17,8722,B0E197467
17,8722,B0E 197467
18,8722,B0E 197467
18,8722,B0E197467
20,8750,B8R 197625
20,8750,B8R197625
21,8826,WMAA23ZZXKF009986
22,1555,66405
23,1555,66405
24,8707,66378
25,8751,B8R197626
25,8751,B8R 197626
26,8721,B0E197364
26,8721,B0E 197364
27,8805,WMAA21ZZ3KF010305
28,8720,B0E 197359
28,8720,B0E197359
29,8721,B0E197364
29,8721,B0E 197364
30,8707,66378
31,1693,WMAA23ZZ1KF010394
32,1693,WMAA23ZZ1KF010394
33,1782,WMAA44ZZ7KF011310
34,8793,WMAA21ZZ4KF009955
35,8793,WMAA21ZZ4KF009955
36,8722,B0E 197467
36,8722,B0E197467
37,8752,B8R 197627
37,8752,B8R197627
38,8750,B8R197625
38,8750,B8R 197625
39,1782,WMAA44ZZ7KF011310
40,8805,WMAA21ZZ3KF010305
41,8751,B8R 197626
41,8751,B8R197626
43,8752,B8R197627
43,8752,B8R 197627
44,8826,WMAA23ZZXKF009986
45,1866,VNE5046N60M040313
46,1869,VNE5046N20M040308
47,1866,VNE5046N60M040313
48,1869,VNE5046N20M040308
49,1550,YE2324HC0K2066400
50,1550,YE2324HC0K2066400
51,1867,VNE5046N80M040314
52,1867,VNE5046N80M040314
53,1868,VNE5046N20M040325
56,1558,66408
57,1558,66408
58,8705,66376
59,8705,66376
60,8706,66377
61,8706,66377
62,1623,WMAA21ZZXKF010012
63,1623,WMAA21ZZXKF010012
64,8711,YE2324HC2K2066382
65,8711,YE2324HC2K2066382
66,1862,VNE5046N70M040305
67,1862,VNE5046N70M040305
68,8784,WMAA21ZZ6KF009858
69,1597,WMAA21ZZ5KF009818
70,8784,WMAA21ZZ6KF009858
71,1874,VNE5045N10M040348
72,1874,VNE5045N10M040348
73,1870,VNE5046N00M040310
74,1861,VNE5046NX0M039990
75,1861,VNE5046NX0M039990
76,2133,VNE5045N40M040005
77,2133,VNE5045N40M040005
78,1597,WMAA21ZZ5KF009818
79,1871,VNE5045NX0M040350
80,1871,VNE5045NX0M040350
81,1865,VNE5046N40M040312
82,1865,VNE5046N40M040312
83,1870,VNE5046N00M040310
84,1872,VNE5045NX0M040347
85,1872,VNE5045NX0M040347
86,1868,VNE5046N20M040325
87,1864,VNE5046N20M040311
88,1864,VNE5046N20M040311
89,8762,VJ1451CG20N005401
90,8762,VJ1451CG20N005401
91,8765,VJ1451CG90N005430
92,8765,VJ1451CG90N005430
93,8760,VJ1451CG30N005391
94,1577,YE2324HC9K2066427
95,8760,VJ1451CG30N005391
96,1557,66407
97,1560,66410
98,1560,66410
99,1557,66407
100,1577,YE2324HC9K2066427
101,94,94
102,94,94
103,1863,VNE5046N00M040307
104,1863,VNE5046N00M040307
106,1873,VNE5045N60M040345
107,1873,VNE5045N60M040345
108,8849,WMAA23ZZ1KF010993
109,1769,WMAA44ZZ4KF011216
110,1769,WMAA44ZZ4KF011216
111,1762,WMAA44ZZ5KF011189
112,1762,WMAA44ZZ5KF011189
113,1765,WMAA44ZZ0KF011200
114,1765,WMAA44ZZ0KF011200
115,8849,WMAA23ZZ1KF010993
116,1774,WMAA44ZZ1KF011271
117,1774,WMAA44ZZ1KF011271
118,1779,WMAA44ZZ6KF011296
119,1775,WMAA44ZZ0KF011276
120,1775,WMAA44ZZ0KF011276
121,1763,WMAA44ZZ5KF011192
122,1779,WMAA44ZZ6KF011296
123,1763,WMAA44ZZ5KF011192
124,1776,WMAA44ZZ6KF011279
125,1776,WMAA44ZZ6KF011279
126,8767,VJ1451CG20N005480
127,8767,VJ1451CG20N005480
128,ATBSaT3,3C4PDCAB0FT595626
129,ATBSaT3,3C4PDCAB0FT595626
130,8714,YE2324HC8K2066385
131,8714,YE2324HC8K2066385
132,8702,66373
133,8702,66373
134,8703,66374
135,8709,66380
136,8709,66380
137,8710,YE2324HC0K2066381
138,8710,YE2324HC0K2066381
139,8708,66379
140,8708,66379
141,8712,YE2324HC4K2066383
142,8713,YE2324HC6K2066384
143,8712,YE2324HC4K2066383
144,8713,YE2324HC6K2066384
145,8703,66374
146,8859,WMAA23ZZ1KF011111
147,8859,WMAA23ZZ1KF011111
148,8770,VJ1451CG70N005524
149,8770,VJ1451CG70N005524
150,8729,B0E 197621
150,8729,B0E197621
151,8729,B0E197621
151,8729,B0E 197621
152,8742,B0E 197948
152,8742,B0E197948
153,8742,B0E197948
153,8742,B0E 197948
154,1534,YE2324HC9J2066362
155,1561,YE2324HC5K2066411
156,1562,YE2324HC7K2066412
157,1563,YE2324HC9K2066413
158,1564,YE2324HC0K2066414
159,1569,YE2324HCXK2066419
160,1570,YE2324HC6K2066420
161,1568,YE2324HC8K2066418
162,1572,YE2324HCXK2066422
163,1575,YE2324HC5K2066425
164,1559,YE2324HC7K2066409
165,1576,YE2324HC7K2066426
166,1571,YE2324HC8K2066421
167,1566,YE2324HC4K2066416
168,1564,YE2324HC0K2066414
169,1569,YE2324HCXK2066419
170,1571,YE2324HC8K2066421
171,1575,YE2324HC5K2066425
172,1559,YE2324HC7K2066409
173,1561,YE2324HC5K2066411
174,1563,YE2324HC9K2066413
175,1572,YE2324HCXK2066422
176,1562,YE2324HC7K2066412
177,1570,YE2324HC6K2066420
178,1568,YE2324HC8K2066418
179,1534,YE2324HC9J2066362
180,1574,YE2324HC3K2066424
181,1576,YE2324HC7K2066426
182,1574,YE2324HC3K2066424
183,1535,YE2324HC0J2066363
184,1535,YE2324HC0J2066363
185,1552,66402
186,1546,66396
187,1540,66390
188,1539,66389
189,1538,66388
190,1553,66403
191,1554,66404
192,1541,66391
193,1549,66399
194,1547,66397
195,1536,66386
196,1554,66404
197,1536,66386
198,1556,66406
199,1566,YE2324HC4K2066416
200,1556,66406
201,1551,66401
202,1573,YE2324HC1K2066423
203,1552,66402
204,1547,66397
205,1541,66391
206,1573,YE2324HC1K2066423
207,1538,66388
208,1544,66394
209,1565,YE2324HC2K2066415
210,1546,66396
211,1549,66399
212,1540,66390
213,1551,66401
214,1539,66389
215,1545,66395
216,1544,66394
217,1565,YE2324HC2K2066415
218,1545,66395
219,1548,66398
220,1548,66398
221,1553,66403
222,1537,66387
223,1537,66387
224,8867,WMAA23ZZ0KF011195
225,8867,WMAA23ZZ0KF011195
226,8763,VJ1451CG80N005418
227,8763,VJ1451CG80N005418
228,8872,WMAA23ZZ6KF011265
229,8872,WMAA23ZZ6KF011265
230,1691,WMAA23ZZ3KF010168
231,8863,WMAA23ZZ5KF011144
232,8863,WMAA23ZZ5KF011144
233,1696,WMAA23ZZ2KF010467
234,1697,WMAA23ZZ9KF010482
235,1696,WMAA23ZZ2KF010467
236,1698,WMAA23ZZ3KF010493
237,1691,WMAA23ZZ3KF010168
238,8845,WMAA23ZZXKF010667
239,8833,WMAA23ZZ9KF010093
240,8831,WMAA23ZZ4KF010082
241,8833,WMAA23ZZ9KF010093
242,8831,WMAA23ZZ4KF010082
243,8845,WMAA23ZZXKF010667
244,8768,VJ1451CG90N005492
245,8768,VJ1451CG90N005492
246,1697,WMAA23ZZ9KF010482
247,1698,WMAA23ZZ3KF010493
248,1701,WMAA23ZZ9KF010580
249,1701,WMAA23ZZ9KF010580
250,8769,VJ1451CGX0N005498
251,8769,VJ1451CGX0N005498
252,8839,WMAA23ZZ4KF010227
253,8839,WMAA23ZZ4KF010227
254,8836,WMAA23ZZ4KF010180
255,8836,WMAA23ZZ4KF010180
256,8873,WMAA23ZZXKF011270
257,8873,WMAA23ZZXKF011270
258,1761,WMAA44ZZXKF011186
259,1699,WMAA23ZZ4KF010552
260,1700,WMAA23ZZ2KF010565
261,1778,WMAA44ZZ9KF011292
262,1780,WMAA44ZZ1KF011299
263,1778,WMAA44ZZ9KF011292
264,1780,WMAA44ZZ1KF011299
265,1700,WMAA23ZZ2KF010565
266,1699,WMAA23ZZ4KF010552
267,8798,WMAA21ZZ0KF010231
268,8797,WMAA21ZZXKF010009
269,8798,WMAA21ZZ0KF010231
270,8797,WMAA21ZZXKF010009
271,1595,WMAA21ZZ4KF009695
272,8796,WMAA21ZZ0KF009998
273,1601,WMAA21ZZ3KF009865
274,8796,WMAA21ZZ0KF009998
275,8794,WMAA21ZZ0KF009967
276,8791,WMAA21ZZ3KF009929
277,8790,WMAA21ZZ8KF009926
278,8792,WMAA21ZZ4KF009941
279,8794,WMAA21ZZ0KF009967
280,1601,WMAA21ZZ3KF009865
281,8790,WMAA21ZZ8KF009926
282,8791,WMAA21ZZ3KF009929
283,1607,WMAA21ZZ7KF009917
284,8795,WMAA21ZZ2KF009985
285,1613,WMAA21ZZ5KF009933
286,1630,WMAA21ZZ9KF010079
287,8788,WMAA21ZZ1KF009914
288,8780,WMAA21ZZ9KF009692
289,1608,WMAA21ZZ7KF009920
290,1618,WMAA21ZZ7KF009965
291,1626,WMAA21ZZ1KF010044
292,1628,WMAA21ZZXKF010057
293,1637,WMAA21ZZ6KF010170
294,1624,WMAA21ZZ5KF010015
295,1624,WMAA21ZZ5KF010015
296,8783,WMAA21ZZ3KF009848
297,1620,WMAA21ZZ7KF009979
298,1619,WMAA21ZZ5KF009978
299,1616,WMAA21ZZXKF009961
300,1630,WMAA21ZZ9KF010079
301,1628,WMAA21ZZXKF010057
302,1606,WMAA21ZZ4KF009910
303,1613,WMAA21ZZ5KF009933
304,1608,WMAA21ZZ7KF009920
305,8783,WMAA21ZZ3KF009848
306,1616,WMAA21ZZXKF009961
307,1607,WMAA21ZZ7KF009917
308,8788,WMAA21ZZ1KF009914
309,1618,WMAA21ZZ7KF009965
310,1615,WMAA21ZZ2KF009940
311,1703,WMAA23ZZ6KF010598
312,1615,WMAA21ZZ2KF009940
313,8792,WMAA21ZZ4KF009941
314,1619,WMAA21ZZ5KF009978
315,1637,WMAA21ZZ6KF010170
316,1785,WMAA44ZZ4KF011362
317,1606,WMAA21ZZ4KF009910
318,1620,WMAA21ZZ7KF009979
319,1626,WMAA21ZZ1KF010044
320,1785,WMAA44ZZ4KF011362
321,8780,WMAA21ZZ9KF009692
322,8795,WMAA21ZZ2KF009985
323,8851,WMAA23ZZ8KF011025
324,8832,WMAA23ZZ3KF010090
325,1598,WMAA21ZZ3KF009851
326,8840,WMAA23ZZ9KF010238
327,8864,WMAA23ZZ6KF011153
328,8837,WMAA23ZZ7KF010190
329,8829,WMAA23ZZ6KF010018
330,8827,WMAA23ZZ3KF009988
331,1595,WMAA21ZZ4KF009695
332,8830,WMAA23ZZ2KF010050
333,1703,WMAA23ZZ6KF010598
334,8851,WMAA23ZZ8KF011025
335,8830,WMAA23ZZ2KF010050
336,8837,WMAA23ZZ7KF010190
337,8829,WMAA23ZZ6KF010018
338,8864,WMAA23ZZ6KF011153
339,8832,WMAA23ZZ3KF010090
340,8840,WMAA23ZZ9KF010238
341,1598,WMAA21ZZ3KF009851
342,1638,WMAA21ZZ0KF010178
343,1761,WMAA44ZZXKF011186
344,8834,WMAA23ZZ2KF010131
345,1781,WMAA44ZZXKF011303
346,1781,WMAA44ZZXKF011303
347,8834,WMAA23ZZ2KF010131
348,1602,WMAA21ZZ6KF009892
349,1640,WMAA21ZZ6KF010220
350,1640,WMAA21ZZ6KF010220
351,1638,WMAA21ZZ0KF010178
352,1694,WMAA23ZZXKF010426
353,1602,WMAA21ZZ6KF009892
354,1596,WMAA21ZZXKF009815
355,8808,WMAA21ZZ9KF010339
356,8816,WMAA21ZZ4KF010488
357,8814,WMAA21ZZ3KF010465
358,1611,WMAA21ZZ4KF009924
359,8815,WMAA21ZZ5KF010483
360,8815,WMAA21ZZ5KF010483
361,8816,WMAA21ZZ4KF010488
362,1596,WMAA21ZZXKF009815
363,1635,WMAA21ZZ9KF010132
364,8808,WMAA21ZZ9KF010339
365,8814,WMAA21ZZ3KF010465
366,1635,WMAA21ZZ9KF010132
367,8835,WMAA23ZZ6KF010164
368,8856,WMAA23ZZ8KF011087
369,8813,WMAA21ZZ7KF010436
370,8835,WMAA23ZZ6KF010164
371,8813,WMAA21ZZ7KF010436
372,8856,WMAA23ZZ8KF011087
373,8804,WMAA21ZZXKF010303
374,8804,WMAA21ZZXKF010303
375,8812,WMAA21ZZ0KF010424
376,8812,WMAA21ZZ0KF010424
377,8782,WMAA21ZZ4KF009843
378,8782,WMAA21ZZ4KF009843
379,1604,WMAA21ZZ2KF009906
380,1614,WMAA21ZZ4KF009938
381,1625,WMAA21ZZ5KF009821
382,8786,WMAA21ZZ6KF009889
383,1695,WMAA23ZZ1KF010461
384,1702,WMAA23ZZ5KF010589
385,1609,WMAA21ZZ9KF009921
386,1636,WMAA21ZZ5KF010158
387,1702,WMAA23ZZ5KF010589
388,1625,WMAA21ZZ5KF009821
389,1614,WMAA21ZZ4KF009938
390,8786,WMAA21ZZ6KF009889
391,1609,WMAA21ZZ9KF009921
392,1636,WMAA21ZZ5KF010158
393,1695,WMAA23ZZ1KF010461
394,1604,WMAA21ZZ2KF009906
395,1600,WMAA21ZZ6KF009861
396,1600,WMAA21ZZ6KF009861
397,8764,VJ1451CG60N005417
398,8827,WMAA23ZZ3KF009988
399,1639,WMAA21ZZ3KF010191
400,1639,WMAA21ZZ3KF010191
401,8764,VJ1451CG60N005417
402,1788,WMAA44ZZ2KF011375
403,1788,WMAA44ZZ2KF011375
404,1611,WMAA21ZZ4KF009924
405,1692,WMAA23ZZ2KF010355
406,8810,WMAA21ZZ0KF010360
407,8810,WMAA21ZZ0KF010360
408,8811,WMAA21ZZ3KF010367
409,8811,WMAA21ZZ3KF010367
410,8852,WMAA23ZZ5KF011032
411,8866,WMAA23ZZ1KF011190
412,1790,WMAA44ZZ1KF011383
413,1791,WMAA44ZZXKF011415
414,1791,WMAA44ZZXKF011415
415,8866,WMAA23ZZ1KF011190
416,1789,WMAA44ZZ6KF011380
417,1617,WMAA21ZZ1KF009962
418,1610,WMAA21ZZ2KF009923
419,8868,WMAA23ZZ8KF011199
420,1610,WMAA21ZZ2KF009923
421,1789,WMAA44ZZ6KF011380
422,1617,WMAA21ZZ1KF009962
423,8801,WMAA21ZZ1KF010285
424,8868,WMAA23ZZ8KF011199
425,8870,WMAA23ZZ6KF011220
426,8857,WMAA23ZZXKF011088
427,1786,WMAA44ZZ1KF011366
428,8853,WMAA23ZZ3KF011059
429,1786,WMAA44ZZ1KF011366
430,8857,WMAA23ZZXKF011088
431,8853,WMAA23ZZ3KF011059
432,8861,WMAA23ZZ7KF011128
433,8852,WMAA23ZZ5KF011032
434,8861,WMAA23ZZ7KF011128
435,8860,WMAA23ZZ8KF011123
436,8789,WMAA21ZZ3KF009915
437,8787,WMAA21ZZ9KF009904
438,8789,WMAA21ZZ3KF009915
439,8787,WMAA21ZZ9KF009904
440,1612,WMAA21ZZXKF009930
441,8848,WMAA23ZZ4KF010986
442,8860,WMAA23ZZ8KF011123
443,8848,WMAA23ZZ4KF010986
444,1692,WMAA23ZZ2KF010355
445,8862,WMAA23ZZ5KF011130
446,8870,WMAA23ZZ6KF011220
447,8862,WMAA23ZZ5KF011130
448,8854,WMAA23ZZ5KF011063
449,8854,WMAA23ZZ5KF011063
450,8855,WMAA23ZZ5KF011077
451,1790,WMAA44ZZ1KF011383
452,1612,WMAA21ZZXKF009930
453,8855,WMAA23ZZ5KF011077
454,8801,WMAA21ZZ1KF010285
455,8838,WMAA23ZZ5KF010222
456,8838,WMAA23ZZ5KF010222
457,8850,WMAA23ZZ5KF011001
458,8850,WMAA23ZZ5KF011001
459,1777,WMAA44ZZ7KF011288
460,1771,WMAA44ZZ3KF011224
461,1768,WMAA44ZZ7KF011212
462,1777,WMAA44ZZ7KF011288
463,8871,WMAA23ZZ9KF011261
464,8871,WMAA23ZZ9KF011261
465,1631,WMAA21ZZ8KF010087
466,1783,WMAA44ZZ4KF011314
467,1771,WMAA44ZZ3KF011224
468,1783,WMAA44ZZ4KF011314
469,1768,WMAA44ZZ7KF011212
470,8869,WMAA23ZZ8KF011204
471,8841,WMAA23ZZ3KF010249
472,8874,WMAA23ZZ2KF011280
473,8841,WMAA23ZZ3KF010249
474,8869,WMAA23ZZ8KF011204
475,8874,WMAA23ZZ2KF011280
476,1694,WMAA23ZZXKF010426
477,8785,WMAA21ZZ0KF009869
478,8785,WMAA21ZZ0KF009869
479,1631,WMAA21ZZ8KF010087
480,1758,WMAA44ZZ8KF010666
481,8806,WMAA21ZZ5KF010323
482,8802,WMAA21ZZ3KF010286
483,8806,WMAA21ZZ5KF010323
484,1622,WMAA21ZZ2KF010005
485,1621,WMAA21ZZ2KF009999
486,8802,WMAA21ZZ3KF010286
487,1603,WMAA21ZZ1KF009895
488,1622,WMAA21ZZ2KF010005
489,1787,WMAA44ZZ3KF011370
490,8809,WMAA21ZZ4KF010345
491,1772,WMAA44ZZ7KF011226
492,1787,WMAA44ZZ3KF011370
493,1772,WMAA44ZZ7KF011226
494,8865,WMAA23ZZ6KF011184
495,8865,WMAA23ZZ6KF011184
496,8809,WMAA21ZZ4KF010345
497,1621,WMAA21ZZ2KF009999
498,1605,WMAA21ZZ4KF009907
499,1605,WMAA21ZZ4KF009907
500,1629,WMAA21ZZ5KF010077
501,1629,WMAA21ZZ5KF010077
502,1758,WMAA44ZZ8KF010666
503,8825,WMAA23ZZ6KF009693
504,8825,WMAA23ZZ6KF009693
505,8766,VJ1451CG80N005435
506,8766,VJ1451CG80N005435
507,8803,WMAA21ZZ4KF010295
508,8803,WMAA21ZZ4KF010295
509,8846,WMAA23ZZ4KF010910
510,8846,WMAA23ZZ4KF010910
511,8817,WMAA21ZZ1KF010545
512,1627,WMAA21ZZ8KF010056
513,8817,WMAA21ZZ1KF010545
514,1767,WMAA44ZZXKF011205
515,1767,WMAA44ZZXKF011205
516,1627,WMAA21ZZ8KF010056
517,1760,WMAA44ZZ4KF011152
518,8781,WMAA21ZZ4KF009812
519,8781,WMAA21ZZ4KF009812
520,1603,WMAA21ZZ1KF009895
521,8847,WMAA23ZZ7KF010917
522,8847,WMAA23ZZ7KF010917
523,8858,WMAA23ZZXKF011110
524,8858,WMAA23ZZXKF011110
525,1760,WMAA44ZZ4KF011152
526,1634,WMAA21ZZ3KF010126
527,1542,66392
528,1542,66392
529,1634,WMAA21ZZ3KF010126
530,1764,WMAA44ZZ7KF011193
531,1764,WMAA44ZZ7KF011193
532,1599,WMAA21ZZ9KF009854
533,1759,WMAA44ZZ1KF011142
534,1759,WMAA44ZZ1KF011142
535,1599,WMAA21ZZ9KF009854
536,1633,WMAA21ZZ8KF010123
537,1633,WMAA21ZZ8KF010123
538,1770,WMAA44ZZ8KF011221
539,1770,WMAA44ZZ8KF011221
540,8799,WMAA21ZZ5KF010242
541,1766,WMAA44ZZ6KF011203
542,8799,WMAA21ZZ5KF010242
543,1766,WMAA44ZZ6KF011203
544,8726,B0E197471
544,8726,B0E 197471
545,1784,WMAA44ZZ2KF011361
546,1784,WMAA44ZZ2KF011361
547,1773,WMAA44ZZ4KF011264
548,1773,WMAA44ZZ4KF011264
549,1632,WMAA21ZZXKF010088
550,1632,WMAA21ZZXKF010088
551,8807,WMAA21ZZ7KF010324
552,8807,WMAA21ZZ7KF010324
553,1567,YE2324HC6K2066417
554,1567,YE2324HC6K2066417
555,2089,WMAA21ZZ9LF012898
556,2088,WMAA21ZZ7LF012673
557,2091,WMAA21ZZ9LF012917
558,2092,WMAA21ZZ2LF012919
559,2093,WMAA21ZZXLF012926
560,2094,WMAA21ZZ0LF012935
561,2095,WMAA21ZZXLF012974
562,2096,WMAA21ZZ9LF012996
563,2162,WMAA21ZZXLF013400
564,2163,WMAA44ZZ9LF013416
565,2161,WMAA21ZZ6LF013412
566,2088,WMAA21ZZ7LF012673
567,2089,WMAA21ZZ9LF012898
568,2162,WMAA21ZZXLF013400
569,2096,WMAA21ZZ9LF012996
570,2091,WMAA21ZZ9LF012917
571,2090,WMAA21ZZ6LF012910
572,2090,WMAA21ZZ6LF012910
573,2161,WMAA21ZZ6LF013412
574,2095,WMAA21ZZXLF012974
575,2094,WMAA21ZZ0LF012935
576,2093,WMAA21ZZXLF012926
577,2092,WMAA21ZZ2LF012919
578,2163,WMAA44ZZ9LF013416
579,1620,WMAA21ZZ7KF009979
580,1627,WMAA21ZZ8KF010056
581,1639,WMAA21ZZ3KF010191
582,1613,WMAA21ZZ5KF009933
583,2092,WMAA21ZZ2LF012919
584,8768,VJ1451CG90N005492
585,8810,WMAA21ZZ0KF010360
586,2161,WMAA21ZZ6LF013412
587,8833,WMAA23ZZ9KF010093
588,1775,WMAA44ZZ0KF011276
589,2094,WMAA21ZZ0LF012935
590,1633,WMAA21ZZ8KF010123
591,8782,WMAA21ZZ4KF009843
592,8784,WMAA21ZZ6KF009858
593,8808,WMAA21ZZ9KF010339
594,2090,WMAA21ZZ6LF012910
595,1600,WMAA21ZZ6KF009861
596,8815,WMAA21ZZ5KF010483
597,2088,WMAA21ZZ7LF012673
598,8856,WMAA23ZZ8KF011087
599,1577,YE2324HC9K2066427
600,1595,WMAA21ZZ4KF009695
601,8787,WMAA21ZZ9KF009904
602,8709,66380
603,8871,WMAA23ZZ9KF011261
604,1629,WMAA21ZZ5KF010077
605,1772,WMAA44ZZ7KF011226
606,8854,WMAA23ZZ5KF011063
607,8781,WMAA21ZZ4KF009812
608,1556,66406
609,8803,WMAA21ZZ4KF010295
610,1606,WMAA21ZZ4KF009910
611,1635,WMAA21ZZ9KF010132
612,8804,WMAA21ZZXKF010303
613,8809,WMAA21ZZ4KF010345
614,1624,WMAA21ZZ5KF010015
615,1626,WMAA21ZZ1KF010044
616,1768,WMAA44ZZ7KF011212
617,2096,WMAA21ZZ9LF012996
618,1576,YE2324HC7K2066426
619,1545,66395
620,1630,WMAA21ZZ9KF010079
621,1764,WMAA44ZZ7KF011193
622,1540,66390
623,2093,WMAA21ZZXLF012926
624,8795,WMAA21ZZ2KF009985
625,1622,WMAA21ZZ2KF010005
626,1615,WMAA21ZZ2KF009940
627,2095,WMAA21ZZXLF012974
628,1762,WMAA44ZZ5KF011189
629,8794,WMAA21ZZ0KF009967
630,1862,VNE5046N70M040305
631,1774,WMAA44ZZ1KF011271
632,8798,WMAA21ZZ0KF010231
633,1868,VNE5046N20M040325
634,1628,WMAA21ZZXKF010057
635,1765,WMAA44ZZ0KF011200
636,1607,WMAA21ZZ7KF009917
637,8714,YE2324HC8K2066385
638,8874,WMAA23ZZ2KF011280
639,1605,WMAA21ZZ4KF009907
640,2162,WMAA21ZZXLF013400
641,1623,WMAA21ZZXKF010012
642,8865,WMAA23ZZ6KF011184
643,8872,WMAA23ZZ6KF011265
644,1790,WMAA44ZZ1KF011383
645,1640,WMAA21ZZ6KF010220
646,8845,WMAA23ZZXKF010667
647,8830,WMAA23ZZ2KF010050
648,1778,WMAA44ZZ9KF011292
649,1874,VNE5045N10M040348
650,1621,WMAA21ZZ2KF009999
651,1534,YE2324HC9J2066362
652,1567,YE2324HC6K2066417
653,1568,YE2324HC8K2066418
654,1553,66403
655,1571,YE2324HC8K2066421
656,8801,WMAA21ZZ1KF010285
657,1570,YE2324HC6K2066420
658,1542,66392
659,8806,WMAA21ZZ5KF010323
660,8799,WMAA21ZZ5KF010242
661,8710,YE2324HC0K2066381
662,1637,WMAA21ZZ6KF010170
663,8707,66378
664,1541,66391
665,1789,WMAA44ZZ6KF011380
666,1763,WMAA44ZZ5KF011192
667,8847,WMAA23ZZ7KF010917
668,8857,WMAA23ZZXKF011088
669,1864,VNE5046N20M040311
670,8829,WMAA23ZZ6KF010018
671,1608,WMAA21ZZ7KF009920
672,1558,66408
673,8807,WMAA21ZZ7KF010324
674,1611,WMAA21ZZ4KF009924
675,1702,WMAA23ZZ5KF010589
676,8838,WMAA23ZZ5KF010222
677,2091,WMAA21ZZ9LF012917
678,1536,66386
679,8836,WMAA23ZZ4KF010180
680,8861,WMAA23ZZ7KF011128
681,8828,WMAA23ZZ1KF010007
682,8837,WMAA23ZZ7KF010190
683,2089,WMAA21ZZ9LF012898
684,1697,WMAA23ZZ9KF010482
685,1703,WMAA23ZZ6KF010598
686,1861,VNE5046NX0M039990
687,1769,WMAA44ZZ4KF011216
688,1788,WMAA44ZZ2KF011375
689,8869,WMAA23ZZ8KF011204
690,1598,WMAA21ZZ3KF009851
691,1612,WMAA21ZZXKF009930
692,1761,WMAA44ZZXKF011186
693,8817,WMAA21ZZ1KF010545
694,1566,YE2324HC4K2066416
695,8859,WMAA23ZZ1KF011111
696,1636,WMAA21ZZ5KF010158
697,8813,WMAA21ZZ7KF010436
698,1596,WMAA21ZZXKF009815
699,1779,WMAA44ZZ6KF011296
700,1701,WMAA23ZZ9KF010580
701,8767,VJ1451CG20N005480
702,8867,WMAA23ZZ0KF011195
703,1700,WMAA23ZZ2KF010565
704,8802,WMAA21ZZ3KF010286
705,1867,VNE5046N80M040314
706,8765,VJ1451CG90N005430
707,8793,WMAA21ZZ4KF009955
708,8785,WMAA21ZZ0KF009869
709,8812,WMAA21ZZ0KF010424
710,1601,WMAA21ZZ3KF009865
711,1555,66405
712,8796,WMAA21ZZ0KF009998
713,1632,WMAA21ZZXKF010088
714,1599,WMAA21ZZ9KF009854
715,8789,WMAA21ZZ3KF009915
716,1561,YE2324HC5K2066411
717,1560,66410
718,1616,WMAA21ZZXKF009961
719,8826,WMAA23ZZXKF009986
720,1863,VNE5046N00M040307
721,8816,WMAA21ZZ4KF010488
722,1771,WMAA44ZZ3KF011224
723,94,94
724,8769,VJ1451CGX0N005498
725,1602,WMAA21ZZ6KF009892
726,8805,WMAA21ZZ3KF010305
727,1537,66387
728,8783,WMAA21ZZ3KF009848
729,1773,WMAA44ZZ4KF011264
730,8797,WMAA21ZZXKF010009
731,1770,WMAA44ZZ8KF011221
732,8817,WMAA21ZZ1KF010545
733,1575,YE2324HC5K2066425
734,8790,WMAA21ZZ8KF009926
735,1565,YE2324HC2K2066415
736,8770,VJ1451CG70N005524
737,1625,WMAA21ZZ5KF009821
738,1619,WMAA21ZZ5KF009978
739,8713,YE2324HC6K2066384
740,8851,WMAA23ZZ8KF011025
741,1538,66388
742,1569,YE2324HCXK2066419
743,8827,WMAA23ZZ3KF009988
744,8706,66377
745,8858,WMAA23ZZXKF011110
746,1631,WMAA21ZZ8KF010087
747,1564,YE2324HC0K2066414
748,1618,WMAA21ZZ7KF009965
749,1760,WMAA44ZZ4KF011152
750,8841,WMAA23ZZ3KF010249
751,8860,WMAA23ZZ8KF011123
752,2163,WMAA44ZZ9LF013416
753,8809,WMAA21ZZ4KF010345
754,1617,WMAA21ZZ1KF009962
755,1544,66394
756,8864,WMAA23ZZ6KF011153
757,1546,66396
758,1634,WMAA21ZZ3KF010126
759,8814,WMAA21ZZ3KF010465
760,1603,WMAA21ZZ1KF009895
761,8797,WMAA21ZZXKF010009
762,1791,WMAA44ZZXKF011415
763,8811,WMAA21ZZ3KF010367
764,8701,66372
765,1698,WMAA23ZZ3KF010493
766,1604,WMAA21ZZ2KF009906
767,1559,YE2324HC7K2066409
768,8868,WMAA23ZZ8KF011199
769,1785,WMAA44ZZ4KF011362
770,1784,WMAA44ZZ2KF011361
771,1783,WMAA44ZZ4KF011314
772,1871,VNE5045NX0M040350
773,1609,WMAA21ZZ9KF009921
774,1614,WMAA21ZZ4KF009938
775,1781,WMAA44ZZXKF011303
776,8866,WMAA23ZZ1KF011190
777,8703,66374
778,1597,WMAA21ZZ5KF009818
779,8825,WMAA23ZZ6KF009693
780,8840,WMAA23ZZ9KF010238
781,8853,WMAA23ZZ3KF011059
782,1872,VNE5045NX0M040347
783,8863,WMAA23ZZ5KF011144
784,1638,WMAA21ZZ0KF010178
785,8831,WMAA23ZZ4KF010082
786,1557,66407
787,8788,WMAA21ZZ1KF009914
788,8834,WMAA23ZZ2KF010131
789,8702,66373
790,1539,66389
791,8846,WMAA23ZZ4KF010910
792,1692,WMAA23ZZ2KF010355
793,8855,WMAA23ZZ5KF011077
794,8786,WMAA21ZZ6KF009889
795,1562,YE2324HC7K2066412
796,8862,WMAA23ZZ5KF011130
797,1786,WMAA44ZZ1KF011366
798,1866,VNE5046N60M040313
799,1865,VNE5046N40M040312
800,1787,WMAA44ZZ3KF011370
801,1782,WMAA44ZZ7KF011310
802,8870,WMAA23ZZ6KF011220
803,8849,WMAA23ZZ1KF010993
804,8850,WMAA23ZZ5KF011001
805,8792,WMAA21ZZ4KF009941
806,8761,VJ1451CG00N005395
807,8761,VJ1451CG00N005395
808,8763,VJ1451CG80N005418
809,1780,WMAA44ZZ1KF011299
810,8791,WMAA21ZZ3KF009929
811,1776,WMAA44ZZ6KF011279
812,1640,WMAA21ZZ6KF010220
813,1537,66387
815,8833,WMAA23ZZ9KF010093
816,8764,VJ1451CG60N005417
817,1614,WMAA21ZZ4KF009938
818,8848,WMAA23ZZ4KF010986
819,8711,YE2324HC2K2066382
820,8762,VJ1451CG20N005401
821,1759,WMAA44ZZ1KF011142
822,1699,WMAA23ZZ4KF010552
823,1693,WMAA23ZZ1KF010394
824,8705,66376
825,1572,YE2324HCXK2066422
826,1573,YE2324HC1K2066423
827,8712,YE2324HC4K2066383
828,1577,YE2324HC9K2066427
829,1574,YE2324HC3K2066424
830,8708,66379
831,1640,WMAA21ZZ6KF010220
832,8873,WMAA23ZZXKF011270
833,8704,66375
834,1548,66398
835,1563,YE2324HC9K2066413
836,1547,66397
837,1551,66401
838,1758,WMAA44ZZ8KF010666
839,2133,VNE5045N40M040005
840,1869,VNE5046N20M040308
841,1767,WMAA44ZZXKF011205
842,1554,66404
843,1552,66402
844,8852,WMAA23ZZ5KF011032
845,1695,WMAA23ZZ1KF010461
846,1694,WMAA23ZZXKF010426
847,8835,WMAA23ZZ6KF010164
848,1870,VNE5046N00M040310
849,8839,WMAA23ZZ4KF010227
850,1691,WMAA23ZZ3KF010168
851,1535,YE2324HC0J2066363
852,8760,VJ1451CG30N005391
853,8780,WMAA21ZZ9KF009692
854,8832,WMAA23ZZ3KF010090
855,1610,WMAA21ZZ2KF009923
856,1777,WMAA44ZZ7KF011288
857,8810,WMAA21ZZ0KF010360
858,8811,WMAA21ZZ3KF010367
859,1696,WMAA23ZZ2KF010467
860,1771,WMAA44ZZ3KF011224
861,8804,WMAA21ZZXKF010303
862,1550,YE2324HC0K2066400
863,8796,WMAA21ZZ0KF009998
864,8790,WMAA21ZZ8KF009926
865,1602,WMAA21ZZ6KF009892
866,8793,WMAA21ZZ4KF009955
867,1557,66407
868,1597,WMAA21ZZ5KF009818
869,8782,WMAA21ZZ4KF009843
870,1601,WMAA21ZZ3KF009865
871,1551,66401
872,1766,WMAA44ZZ6KF011203
873,8766,VJ1451CG80N005435
874,8785,WMAA21ZZ0KF009869
875,8806,WMAA21ZZ5KF010323
876,8807,WMAA21ZZ7KF010324
877,8784,WMAA21ZZ6KF009858
878,8794,WMAA21ZZ0KF009967
879,1695,WMAA23ZZ1KF010461
880,8791,WMAA21ZZ3KF009929
881,8799,WMAA21ZZ5KF010242
882,8851,WMAA23ZZ8KF011025
883,8730,B0E 197741
883,8730,B0E197741
884,8730,B0E197741
884,8730,B0E 197741
885,8730,B0E 197741
885,8730,B0E197741
886,2091,WMAA21ZZ9LF012917
887,8792,WMAA21ZZ4KF009941
888,1766,WMAA44ZZ6KF011203
889,1769,WMAA44ZZ4KF011216
890,1576,YE2324HC7K2066426
891,1549,66399
892,8755,B8R 197750
892,8755,B8R197750
893,8755,B8R197750
893,8755,B8R 197750
894,1861,VNE5046NX0M039990
895,1871,VNE5045NX0M040350
896,8753,B8R197628
896,8753,B8R 197628
897,8732,B0E197743
897,8732,B0E 197743
898,8727,B0E 197472
898,8727,B0E197472
899,8720,B0E197359
899,8720,B0E 197359
900,8732,B0E 197743
900,8732,B0E197743
901,8753,B8R 197628
901,8753,B8R197628
902,8727,B0E 197472
902,8727,B0E197472
903,8742,B0E 197948
903,8742,B0E197948
904,8750,B8R 197625
904,8750,B8R197625
905,8754,B8R197629
905,8754,B8R 197629
906,8754,B8R 197629
906,8754,B8R197629
907,8734,B0E197745
907,8734,B0E 197745
908,8731,B0E 197742
908,8731,B0E197742
909,8731,B0E197742
909,8731,B0E 197742
910,8734,B0E 197745
910,8734,B0E197745
911,8752,B8R197627
911,8752,B8R 197627
912,8730,B0E 197741
912,8730,B0E197741
913,8750,B8R197625
913,8750,B8R 197625
914,8733,B0E197744
914,8733,B0E 197744
915,8751,B8R 197626
915,8751,B8R197626
916,8736,B0E197841
916,8736,B0E 197841
917,8735,B0E 197840
917,8735,B0E197840
918,8753,B8R 197628
918,8753,B8R197628
919,8731,B0E197742
919,8731,B0E 197742
920,8736,B0E 197841
920,8736,B0E197841
921,8733,B0E197744
921,8733,B0E 197744
922,8735,B0E 197840
922,8735,B0E197840
923,8733,B0E197744
923,8733,B0E 197744
924,8702,66373
925,8706,66377
926,8710,YE2324HC0K2066381
927,8711,YE2324HC2K2066382
928,8713,YE2324HC6K2066384
929,8703,66374
930,8708,66379
931,8709,66380
932,8705,66376
933,8707,66378
934,1604,WMAA21ZZ2KF009906
935,8712,YE2324HC4K2066383
936,8701,66372
937,8770,VJ1451CG70N005524
938,8714,YE2324HC8K2066385
939,1568,YE2324HC8K2066418
940,8723,B0E 197468
940,8723,B0E197468
941,8726,B0E197471
941,8726,B0E 197471
942,8723,B0E 197468
942,8723,B0E197468
943,8738,B0E 197843
943,8738,B0E197843
944,1761,WMAA44ZZXKF011186
945,1613,WMAA21ZZ5KF009933
946,1596,WMAA21ZZXKF009815
947,8742,B0E197948
947,8742,B0E 197948
948,8807,WMAA21ZZ7KF010324
949,1786,WMAA44ZZ1KF011366
950,8873,WMAA23ZZXKF011270
951,1563,YE2324HC9K2066413
952,8727,B0E197472
952,8727,B0E 197472
953,1703,WMAA23ZZ6KF010598
954,1598,WMAA21ZZ3KF009851
955,8829,WMAA23ZZ6KF010018
956,8855,WMAA23ZZ5KF011077
957,8864,WMAA23ZZ6KF011153
958,1762,WMAA44ZZ5KF011189
959,8812,WMAA21ZZ0KF010424
960,8809,WMAA21ZZ4KF010345
961,1697,WMAA23ZZ9KF010482
962,8848,WMAA23ZZ4KF010986
963,1574,YE2324HC3K2066424
964,1554,66404
965,1542,66392
966,1617,WMAA21ZZ1KF009962
967,1871,VNE5045NX0M040350
968,8804,WMAA21ZZXKF010303
969,8736,B0E197841
969,8736,B0E 197841
970,8827,WMAA23ZZ3KF009988
971,1696,WMAA23ZZ2KF010467
972,1539,66389
973,1701,WMAA23ZZ9KF010580
974,1861,VNE5046NX0M039990
975,8765,VJ1451CG90N005430
976,8815,WMAA21ZZ5KF010483
977,8837,WMAA23ZZ7KF010190
978,8763,VJ1451CG80N005418
979,1565,YE2324HC2K2066415
980,8866,WMAA23ZZ1KF011190
981,8805,WMAA21ZZ3KF010305
982,8836,WMAA23ZZ4KF010180
983,8867,WMAA23ZZ0KF011195
984,8720,B0E197359
984,8720,B0E 197359
985,8762,VJ1451CG20N005401
986,1628,WMAA21ZZXKF010057
987,1572,YE2324HCXK2066422
988,8868,WMAA23ZZ8KF011199
989,1570,YE2324HC6K2066420
990,1576,YE2324HC7K2066426
991,1555,66405
992,8841,WMAA23ZZ3KF010249
993,8870,WMAA23ZZ6KF011220
994,8808,WMAA21ZZ9KF010339
995,1616,WMAA21ZZXKF009961
996,8846,WMAA23ZZ4KF010910
997,1566,YE2324HC4K2066416
998,8704,66375
999,1536,66386
1000,1700,WMAA23ZZ2KF010565
1001,8766,VJ1451CG80N005435
1002,8735,B0E197840
1002,8735,B0E 197840
1003,1772,WMAA44ZZ7KF011226
1004,8830,WMAA23ZZ2KF010050
1005,1638,WMAA21ZZ0KF010178
1006,8854,WMAA23ZZ5KF011063
1007,1777,WMAA44ZZ7KF011288
1008,1601,WMAA21ZZ3KF009865
1009,1553,66403
1010,8828,WMAA23ZZ1KF010007
1011,1608,WMAA21ZZ7KF009920
1012,1595,WMAA21ZZ4KF009695
1013,8826,WMAA23ZZXKF009986
1014,8801,WMAA21ZZ1KF010285
1015,1546,66396
1016,1618,WMAA21ZZ7KF009965
1017,1699,WMAA23ZZ4KF010552
1018,1778,WMAA44ZZ9KF011292
1019,8806,WMAA21ZZ5KF010323
1020,8858,WMAA23ZZXKF011110
1021,1620,WMAA21ZZ7KF009979
1022,8817,WMAA21ZZ1KF010545
1023,1621,WMAA21ZZ2KF009999
1024,8799,WMAA21ZZ5KF010242
1025,1562,YE2324HC7K2066412
1026,1605,WMAA21ZZ4KF009907
1027,8790,WMAA21ZZ8KF009926
1028,8813,WMAA21ZZ7KF010436
1029,1564,YE2324HC0K2066414
1030,1788,WMAA44ZZ2KF011375
1031,1787,WMAA44ZZ3KF011370
1032,8764,VJ1451CG60N005417
1033,1551,66401
1034,1571,YE2324HC8K2066421
1035,1544,66394
1036,8769,VJ1451CGX0N005498
1037,1639,WMAA21ZZ3KF010191
1038,1547,66397
1039,8865,WMAA23ZZ6KF011184
1040,1545,66395
1041,8825,WMAA23ZZ6KF009693
1042,1568,YE2324HC8K2066418
1043,8831,WMAA23ZZ4KF010082
1044,1569,YE2324HCXK2066419
1045,1549,66399
1046,1541,66391
1047,1790,WMAA44ZZ1KF011383
1048,1622,WMAA21ZZ2KF010005
1049,8811,WMAA21ZZ3KF010367
1050,8796,WMAA21ZZ0KF009998
1051,8810,WMAA21ZZ0KF010360
1052,8793,WMAA21ZZ4KF009955
1053,1630,WMAA21ZZ9KF010079
1054,8872,WMAA23ZZ6KF011265
1055,1534,YE2324HC9J2066362
1056,1872,VNE5045NX0M040347
1057,1692,WMAA23ZZ2KF010355
1058,1768,WMAA44ZZ7KF011212
1059,8802,WMAA21ZZ3KF010286
1060,8789,WMAA21ZZ3KF009915
1061,1791,WMAA44ZZXKF011415
1062,8827,WMAA23ZZ3KF009988
1063,1614,WMAA21ZZ4KF009938
1064,1610,WMAA21ZZ2KF009923
1065,1862,VNE5046N70M040305
1066,1625,WMAA21ZZ5KF009821
1067,1626,WMAA21ZZ1KF010044
1068,1599,WMAA21ZZ9KF009854
1069,1612,WMAA21ZZXKF009930
1070,1567,YE2324HC6K2066417
1071,1573,YE2324HC1K2066423
1072,1575,YE2324HC5K2066425
1073,1603,WMAA21ZZ1KF009895
1074,1633,WMAA21ZZ8KF010123
1075,8731,B0E197742
1075,8731,B0E 197742
1076,8798,WMAA21ZZ0KF010231
1077,8849,WMAA23ZZ1KF010993
1078,1602,WMAA21ZZ6KF009892
1079,8838,WMAA23ZZ5KF010222
1080,1698,WMAA23ZZ3KF010493
1081,1702,WMAA23ZZ5KF010589
1082,2161,WMAA21ZZ6LF013412
1083,1781,WMAA44ZZXKF011303
1084,1561,YE2324HC5K2066411
1085,1776,WMAA44ZZ6KF011279
1086,8869,WMAA23ZZ8KF011204
1087,1760,WMAA44ZZ4KF011152
1088,1636,WMAA21ZZ5KF010158
1089,1635,WMAA21ZZ9KF010132
1090,2096,WMAA21ZZ9LF012996
1091,2133,VNE5045N40M040005
1092,1789,WMAA44ZZ6KF011380
1093,1870,VNE5046N00M040310
1094,1776,WMAA44ZZ6KF011279
1095,1863,VNE5046N00M040307
1096,1535,YE2324HC0J2066363
1097,8734,B0E197745
1097,8734,B0E 197745
1098,8730,B0E 197741
1098,8730,B0E197741
1099,1765,WMAA44ZZ0KF011200
1100,1867,VNE5046N80M040314
1101,2095,WMAA21ZZXLF012974
1102,1560,66410
1103,2094,WMAA21ZZ0LF012935
1104,1866,VNE5046N60M040313
1105,8861,WMAA23ZZ7KF011128
1106,2088,WMAA21ZZ7LF012673
1107,8840,WMAA23ZZ9KF010238
1108,8723,B0E197468
1108,8723,B0E 197468
1109,1868,VNE5046N20M040325
1110,1758,WMAA44ZZ8KF010666
1111,8794,WMAA21ZZ0KF009967
1112,2089,WMAA21ZZ9LF012898
1113,1695,WMAA23ZZ1KF010461
1114,1766,WMAA44ZZ6KF011203
1115,8853,WMAA23ZZ3KF011059
1116,1615,WMAA21ZZ2KF009940
1117,8871,WMAA23ZZ9KF011261
1118,1869,VNE5046N20M040308
1119,1637,WMAA21ZZ6KF010170
1120,1759,WMAA44ZZ1KF011142
1121,1763,WMAA44ZZ5KF011192
1122,1627,WMAA21ZZ8KF010056
1123,1552,66402
1124,8814,WMAA21ZZ3KF010465
1125,8852,WMAA23ZZ5KF011032
1126,8834,WMAA23ZZ2KF010131
1127,1691,WMAA23ZZ3KF010168
1128,1767,WMAA44ZZXKF011205
1129,8797,WMAA21ZZXKF010009
1130,8845,WMAA23ZZXKF010667
1131,8767,VJ1451CG20N005480
1132,1764,WMAA44ZZ7KF011193
1133,94,94
1134,8738,B0E 197843
1134,8738,B0E197843
1135,1694,WMAA23ZZXKF010426
1136,8781,WMAA21ZZ4KF009812
1137,8751,B8R 197626
1137,8751,B8R197626
1138,8856,WMAA23ZZ8KF011087
1139,1770,WMAA44ZZ8KF011221
1140,8835,WMAA23ZZ6KF010164
1141,8859,WMAA23ZZ1KF011111
1142,1769,WMAA44ZZ4KF011216
1143,1559,YE2324HC7K2066409
1144,2163,WMAA44ZZ9LF013416
1145,8792,WMAA21ZZ4KF009941
1146,1629,WMAA21ZZ5KF010077
1147,1780,WMAA44ZZ1KF011299
1148,8863,WMAA23ZZ5KF011144
1149,1783,WMAA44ZZ4KF011314
1150,1558,66408
1151,8784,WMAA21ZZ6KF009858
1152,8816,WMAA21ZZ4KF010488
1153,1548,66398
1154,2091,WMAA21ZZ9LF012917
1155,8788,WMAA21ZZ1KF009914
1156,8795,WMAA21ZZ2KF009985
1157,1600,WMAA21ZZ6KF009861
1158,8726,B0E197471
1158,8726,B0E 197471
1159,1609,WMAA21ZZ9KF009921
1160,8791,WMAA21ZZ3KF009929
1161,1773,WMAA44ZZ4KF011264
1162,1611,WMAA21ZZ4KF009924
1163,8786,WMAA21ZZ6KF009889
1164,2093,WMAA21ZZXLF012926
1165,8874,WMAA23ZZ2KF011280
1166,1631,WMAA21ZZ8KF010087
1167,8787,WMAA21ZZ9KF009904
1168,1774,WMAA44ZZ1KF011271
1169,1624,WMAA21ZZ5KF010015
1170,1864,VNE5046N20M040311
1171,8851,WMAA23ZZ8KF011025
1172,1623,WMAA21ZZXKF010012
1173,1779,WMAA44ZZ6KF011296
1174,1556,66406
1175,8754,B8R197629
1175,8754,B8R 197629
1176,1693,WMAA23ZZ1KF010394
1177,1634,WMAA21ZZ3KF010126
1178,8752,B8R 197627
1178,8752,B8R197627
1179,1632,WMAA21ZZXKF010088
1180,8783,WMAA21ZZ3KF009848
1181,2092,WMAA21ZZ2LF012919
1182,8782,WMAA21ZZ4KF009843
1183,8760,VJ1451CG30N005391
1184,8707,66378
1185,8755,B8R 197750
1185,8755,B8R197750
1186,8750,B8R197625
1186,8750,B8R 197625
1187,2090,WMAA21ZZ6LF012910
1188,8785,WMAA21ZZ0KF009869
1189,1775,WMAA44ZZ0KF011276
1190,8857,WMAA23ZZXKF011088
1191,8832,WMAA23ZZ3KF010090
1192,8850,WMAA23ZZ5KF011001
1193,8788,WMAA21ZZ1KF009914
1194,8740,B0E197946
1194,8740,B0E 197946
1195,8737,B0E 197842
1195,8737,B0E197842
1196,8780,WMAA21ZZ9KF009692
1197,8860,WMAA23ZZ8KF011123
1198,8750,B8R 197625
1198,8750,B8R197625
1199,8721,B0E197364
1199,8721,B0E 197364
1200,1785,WMAA44ZZ4KF011362
1201,8839,WMAA23ZZ4KF010227
1202,1874,VNE5045N10M040348
1203,8790,WMAA21ZZ8KF009926
1204,8721,B0E 197364
1204,8721,B0E197364
1205,1557,66407
1206,8862,WMAA23ZZ5KF011130
1207,8753,B8R197628
1207,8753,B8R 197628
1208,1692,WMAA23ZZ2KF010355
1209,1765,WMAA44ZZ0KF011200
1210,8712,YE2324HC4K2066383
1211,8793,WMAA21ZZ4KF009955
1212,1784,WMAA44ZZ2KF011361
1213,8739,B0E197844
1213,8739,B0E 197844
1214,1619,WMAA21ZZ5KF009978
1215,8755,B8R 197750
1215,8755,B8R197750
1216,2162,WMAA21ZZXLF013400
1217,8847,WMAA23ZZ7KF010917
1218,8803,WMAA21ZZ4KF010295
1219,8753,B8R197628
1219,8753,B8R 197628
1220,8809,WMAA21ZZ4KF010345
1221,8814,WMAA21ZZ3KF010465
1222,1597,WMAA21ZZ5KF009818
1223,8735,B0E197840
1223,8735,B0E 197840
1224,8702,66373
1225,1782,WMAA44ZZ7KF011310
1226,1607,WMAA21ZZ7KF009917
1227,1771,WMAA44ZZ3KF011224
1228,1540,66390
1229,8794,WMAA21ZZ0KF009967
1230,8768,VJ1451CG90N005492
1231,8724,B0E 197469
1231,8724,B0E197469
1232,8729,B0E197621
1232,8729,B0E 197621
1233,8729,B0E 197621
1233,8729,B0E197621
1234,8728,B0E197620
1234,8728,B0E 197620
1235,1566,YE2324HC4K2066416
1236,8730,B0E197741
1236,8730,B0E 197741
1237,8796,WMAA21ZZ0KF009998
1238,1577,YE2324HC9K2066427
1239,8814,WMAA21ZZ3KF010465
1240,8725,B0E 197470
1240,8725,B0E197470
1241,1780,WMAA44ZZ1KF011299
1242,8741,B0E 197947
1242,8741,B0E197947
1243,8743,B0E197949
1243,8743,B0E 197949
1244,8722,B0E197467
1244,8722,B0E 197467
1245,1550,YE2324HC0K2066400
1246,8817,WMAA21ZZ1KF010545
1247,1768,WMAA44ZZ7KF011212
1248,1873,VNE5045N60M040345
1249,1771,WMAA44ZZ3KF011224
1250,8732,B0E197743
1250,8732,B0E 197743
1251,8828,WMAA23ZZ1KF010007
1252,8804,WMAA21ZZXKF010303
1253,1865,VNE5046N40M040312
1254,8780,WMAA21ZZ9KF009692
1255,8741,B0E197947
1255,8741,B0E 197947
1256,123456789,KMHCG35G03U261430
1257,8795,WMAA21ZZ2KF009985
1258,1606,WMAA21ZZ4KF009910
1259,1555,66405
1260,8736,B0E 197841
1260,8736,B0E197841
1261,8764,VJ1451CG60N005417
1262,8797,WMAA21ZZXKF010009
1263,8866,WMAA23ZZ1KF011190
1264,1571,YE2324HC8K2066421
1265,8815,WMAA21ZZ5KF010483
1266,8836,WMAA23ZZ4KF010180
1267,8737,B0E197842
1267,8737,B0E 197842
1268,1871,VNE5045NX0M040350
1269,8762,VJ1451CG20N005401
1270,8720,B0E197359
1270,8720,B0E 197359
1271,8722,B0E 197467
1271,8722,B0E197467
1272,8816,WMAA21ZZ4KF010488
1273,8742,B0E 197948
1273,8742,B0E197948
1274,8857,WMAA23ZZXKF011088
1275,8761,VJ1451CG00N005395
1276,8744,B0E197950
1276,8744,B0E 197950
1277,8732,B0E 197743
1277,8732,B0E197743
1278,8855,WMAA23ZZ5KF011077
1279,1874,VNE5045N10M040348
1280,ATBSaT3,3C4PDCAB0FT595626
1281,1761,WMAA44ZZXKF011186
1282,8724,B0E 197469
1282,8724,B0E197469
1283,8710,YE2324HC0K2066381
1284,8721,B0E197364
1284,8721,B0E 197364
1285,1768,WMAA44ZZ7KF011212
1286,8752,B8R 197627
1286,8752,B8R197627
1287,1789,WMAA44ZZ6KF011380
1288,8810,WMAA21ZZ0KF010360
1289,8725,B0E 197470
1289,8725,B0E197470
1290,1638,WMAA21ZZ0KF010178
1291,8790,WMAA21ZZ8KF009926
1292,1597,WMAA21ZZ5KF009818
1293,8801,WMAA21ZZ1KF010285
1294,8830,WMAA23ZZ2KF010050
1295,1873,VNE5045N60M040345
1296,8849,WMAA23ZZ1KF010993
1297,1639,WMAA21ZZ3KF010191
1298,8712,YE2324HC4K2066383
1299,8817,WMAA21ZZ1KF010545
1300,1868,VNE5046N20M040325
1301,1618,WMAA21ZZ7KF009965
1302,1758,WMAA44ZZ8KF010666
1303,8789,WMAA21ZZ3KF009915
1304,8813,WMAA21ZZ7KF010436
1305,8751,B8R197626
1305,8751,B8R 197626
1306,8740,B0E197946
1306,8740,B0E 197946
1307,1577,YE2324HC9K2066427
1308,8780,WMAA21ZZ9KF009692
1309,8796,WMAA21ZZ0KF009998
1310,8795,WMAA21ZZ2KF009985
1311,8850,WMAA23ZZ5KF011001
1312,1639,WMAA21ZZ3KF010191
1313,1601,WMAA21ZZ3KF009865
1314,8754,B8R 197629
1314,8754,B8R197629
1315,8726,B0E197471
1315,8726,B0E 197471
1316,1770,WMAA44ZZ8KF011221
1317,8853,WMAA23ZZ3KF011059
1318,8798,WMAA21ZZ0KF010231
1319,8871,WMAA23ZZ9KF011261
1320,1633,WMAA21ZZ8KF010123
1321,8737,B0E197842
1321,8737,B0E 197842
1322,1640,WMAA21ZZ6KF010220
1323,8735,B0E 197840
1323,8735,B0E197840
1324,1566,YE2324HC4K2066416
1325,8829,WMAA23ZZ6KF010018
1326,8733,B0E197744
1326,8733,B0E 197744
1327,1866,VNE5046N60M040313
1328,8781,WMAA21ZZ4KF009812
1329,8738,B0E197843
1329,8738,B0E 197843
1330,8812,WMAA21ZZ0KF010424
1331,8865,WMAA23ZZ6KF011184
1332,8869,WMAA23ZZ8KF011204
1333,8836,WMAA23ZZ4KF010180
1334,8834,WMAA23ZZ2KF010131
1335,1777,WMAA44ZZ7KF011288
1336,1563,YE2324HC9K2066413
1337,1618,WMAA21ZZ7KF009965
1338,1617,WMAA21ZZ1KF009962
1339,1701,WMAA23ZZ9KF010580
1340,8847,WMAA23ZZ7KF010917
1341,8829,WMAA23ZZ6KF010018
1342,8805,WMAA21ZZ3KF010305
1343,1616,WMAA21ZZXKF009961
1344,1554,66404
1345,1637,WMAA21ZZ6KF010170
1346,1703,WMAA23ZZ6KF010598
1347,8789,WMAA21ZZ3KF009915
1348,1636,WMAA21ZZ5KF010158
1349,1696,WMAA23ZZ2KF010467
1350,1700,WMAA23ZZ2KF010565
1351,1552,66402
1352,1699,WMAA23ZZ4KF010552
1353,1702,WMAA23ZZ5KF010589
1354,8803,WMAA21ZZ4KF010295
1355,2133,VNE5045N40M040005
1356,8743,B0E197949
1356,8743,B0E 197949
1357,8806,WMAA21ZZ5KF010323
1358,1575,YE2324HC5K2066425
1359,1766,WMAA44ZZ6KF011203
1360,8852,WMAA23ZZ5KF011032
1361,8866,WMAA23ZZ1KF011190
1362,1867,VNE5046N80M040314
1363,8727,B0E197472
1363,8727,B0E 197472
1364,2133,VNE5045N40M040005
1365,1550,YE2324HC0K2066400
1366,8825,WMAA23ZZ6KF009693
1367,1786,WMAA44ZZ1KF011366
1368,8833,WMAA23ZZ9KF010093
1369,1772,WMAA44ZZ7KF011226
1370,8763,VJ1451CG80N005418
1371,1561,YE2324HC5K2066411
1372,8793,WMAA21ZZ4KF009955
1373,8785,WMAA21ZZ0KF009869
1374,1538,66388
1375,8770,VJ1451CG70N005524
1376,93,93
1377,8731,B0E 197742
1377,8731,B0E197742
1378,1691,WMAA23ZZ3KF010168
1379,8850,WMAA23ZZ5KF011001
1380,8786,WMAA21ZZ6KF009889
1381,1861,VNE5046NX0M039990
1382,95,95
1383,99,99
1384,1694,WMAA23ZZXKF010426
1385,1602,WMAA21ZZ6KF009892
1386,1565,YE2324HC2K2066415
1387,97,97
1388,96,96
1389,8734,B0E 197745
1389,8734,B0E197745
1390,1553,66403
1391,8710,YE2324HC0K2066381
1392,8841,WMAA23ZZ3KF010249
1393,8867,WMAA23ZZ0KF011195
1394,1769,WMAA44ZZ4KF011216
1395,1606,WMAA21ZZ4KF009910
1396,8830,WMAA23ZZ2KF010050
1397,8837,WMAA23ZZ7KF010190
1398,2163,WMAA44ZZ9LF013416
1399,8791,WMAA21ZZ3KF009929
1400,8743,B0E 197949
1400,8743,B0E197949
1401,1702,WMAA23ZZ5KF010589
1402,8744,B0E197950
1402,8744,B0E 197950
1403,1693,WMAA23ZZ1KF010394
1404,8802,WMAA21ZZ3KF010286
1405,8826,WMAA23ZZXKF009986
1406,1619,WMAA21ZZ5KF009978
1407,8786,WMAA21ZZ6KF009889
1408,8869,WMAA23ZZ8KF011204
1409,8764,VJ1451CG60N005417
1410,8846,WMAA23ZZ4KF010910
1411,8831,WMAA23ZZ4KF010082
1412,1549,66399
1413,8863,WMAA23ZZ5KF011144
1414,8811,WMAA21ZZ3KF010367
1415,8838,WMAA23ZZ5KF010222
1416,8739,B0E 197844
1416,8739,B0E197844
1417,99,99
1418,8854,WMAA23ZZ5KF011063
1419,8852,WMAA23ZZ5KF011032
1420,8791,WMAA21ZZ3KF009929
1421,8769,VJ1451CGX0N005498
1422,8761,VJ1451CG00N005395
1423,8770,VJ1451CG70N005524
1424,8766,VJ1451CG80N005435
1425,8701,66372
1426,8825,WMAA23ZZ6KF009693
1427,8702,66373
1428,8787,WMAA21ZZ9KF009904
1429,1563,YE2324HC9K2066413
1430,8782,WMAA21ZZ4KF009843
1431,1693,WMAA23ZZ1KF010394
1432,8705,66376
1433,8733,B0E 197744
1433,8733,B0E197744
1434,8723,B0E 197468
1434,8723,B0E197468
1435,8768,VJ1451CG90N005492
1436,8722,B0E197467
1436,8722,B0E 197467
1437,1779,WMAA44ZZ6KF011296
1438,1695,WMAA23ZZ1KF010461
1439,1615,WMAA21ZZ2KF009940
1440,8724,B0E 197469
1440,8724,B0E197469
1441,8741,B0E 197947
1441,8741,B0E197947
1442,1868,VNE5046N20M040325
1443,8794,WMAA21ZZ0KF009967
1444,8765,VJ1451CG90N005430
1445,8807,WMAA21ZZ7KF010324
1446,8839,WMAA23ZZ4KF010227
1447,8837,WMAA23ZZ7KF010190
1448,1621,WMAA21ZZ2KF009999
1449,8738,B0E197843
1449,8738,B0E 197843
1450,8806,WMAA21ZZ5KF010323
1451,8740,B0E 197946
1451,8740,B0E197946
1452,1620,WMAA21ZZ7KF009979
1453,8784,WMAA21ZZ6KF009858
1454,8859,WMAA23ZZ1KF011111
1455,8766,VJ1451CG80N005435
1456,8832,WMAA23ZZ3KF010090
1457,8813,WMAA21ZZ7KF010436
1458,8847,WMAA23ZZ7KF010917
1459,8728,B0E197620
1459,8728,B0E 197620
1460,1545,66395
1461,8714,YE2324HC8K2066385
1462,8872,WMAA23ZZ6KF011265
1463,8788,WMAA21ZZ1KF009914
1464,1562,YE2324HC7K2066412
1465,1571,YE2324HC8K2066421
1466,8833,WMAA23ZZ9KF010093
1467,8729,B0E 197621
1467,8729,B0E197621
1468,1699,WMAA23ZZ4KF010552
1469,1546,66396
1470,8799,WMAA21ZZ5KF010242
1471,8799,WMAA21ZZ5KF010242
1472,8805,WMAA21ZZ3KF010305
1473,8704,66375
1474,8803,WMAA21ZZ4KF010295
1475,1774,WMAA44ZZ1KF011271
1476,1608,WMAA21ZZ7KF009920
1477,1610,WMAA21ZZ2KF009923
1478,8873,WMAA23ZZXKF011270
1479,1863,VNE5046N00M040307
1480,8808,WMAA21ZZ9KF010339
1481,ATBSaT3,3C4PDCAB0FT595626
1482,8720,B0E197359
1482,8720,B0E 197359
1483,8802,WMAA21ZZ3KF010286
1484,8851,WMAA23ZZ8KF011025
1485,8834,WMAA23ZZ2KF010131
1486,95,95
1487,1627,WMAA21ZZ8KF010056
1488,8868,WMAA23ZZ8KF011199
1489,1790,WMAA44ZZ1KF011383
1490,1638,WMAA21ZZ0KF010178
1491,8711,YE2324HC2K2066382
1492,1569,YE2324HCXK2066419
1493,8861,WMAA23ZZ7KF011128
1494,1697,WMAA23ZZ9KF010482
1495,8787,WMAA21ZZ9KF009904
1496,1605,WMAA21ZZ4KF009907
1497,1701,WMAA23ZZ9KF010580
1498,8708,66379
1499,1539,66389
1500,1561,YE2324HC5K2066411
1501,8760,VJ1451CG30N005391
1502,1625,WMAA21ZZ5KF009821
1503,8848,WMAA23ZZ4KF010986
1504,1572,YE2324HCXK2066422
1505,8865,WMAA23ZZ6KF011184
1506,8703,66374
1507,8804,WMAA21ZZXKF010303
1508,1628,WMAA21ZZXKF010057
1509,8783,WMAA21ZZ3KF009848
1510,8838,WMAA23ZZ5KF010222
1511,8713,YE2324HC6K2066384
1512,1568,YE2324HC8K2066418
1513,8856,WMAA23ZZ8KF011087
1514,1547,66397
1515,1544,66394
1516,8751,B8R197626
1516,8751,B8R 197626
1517,2095,WMAA21ZZXLF012974
1518,8860,WMAA23ZZ8KF011123
1519,2162,WMAA21ZZXLF013400
1520,2090,WMAA21ZZ6LF012910
1521,8827,WMAA23ZZ3KF009988
1522,8874,WMAA23ZZ2KF011280
1523,1773,WMAA44ZZ4KF011264
1524,2161,WMAA21ZZ6LF013412
1525,1777,WMAA44ZZ7KF011288
1526,8706,66377
1527,1603,WMAA21ZZ1KF009895
1528,1775,WMAA44ZZ0KF011276
1529,8831,WMAA23ZZ4KF010082
1530,8864,WMAA23ZZ6KF011153
1531,8815,WMAA21ZZ5KF010483
1532,8810,WMAA21ZZ0KF010360
1533,1613,WMAA21ZZ5KF009933
1534,8797,WMAA21ZZXKF010009
1535,8801,WMAA21ZZ1KF010285
1536,8858,WMAA23ZZXKF011110
1537,8858,WMAA23ZZXKF011110
1538,1700,WMAA23ZZ2KF010565
1539,8734,B0E197745
1539,8734,B0E 197745
1540,8792,WMAA21ZZ4KF009941
1541,1555,66405
1542,2094,WMAA21ZZ0LF012935
1543,8862,WMAA23ZZ5KF011130
1544,8870,WMAA23ZZ6KF011220
1545,8726,B0E 197471
1545,8726,B0E197471
1546,1694,WMAA23ZZXKF010426
1547,8730,B0E197741
1547,8730,B0E 197741
1548,8835,WMAA23ZZ6KF010164
1549,8727,B0E 197472
1549,8727,B0E197472
1550,8808,WMAA21ZZ9KF010339
1551,1874,VNE5045N10M040348
1552,1869,VNE5046N20M040308
